nombre,variedad,precio
Carl Jung Rosé,Vino Rosado Sin Alcohol,6.86
Schloss Raggendorf Shiraz Rosé,Vino Rosado Sin Alcohol,6.86
Carl Jung Cabernet Sauvignon,Vino Tinto Sin Alcohol,6.86
Carl Jung Merlot,Vino Tinto Sin Alcohol,6.86
Schloss Raggendorf Zweigelt,Vino Tinto Sin Alcohol,6.86
Schloss Raggendorf Cabernet Sauvignon,Vino Tinto Sin Alcohol,6.86
Carl Jung Chardonnay,Vino Blanco Sin Alcohol,6.86
Carl Jung Riesling,Vino Blanco Sin Alcohol,6.86
Oddbird Domaine de la Prade Blanco,Vino Blanco Sin Alcohol,6.86
Oddbird Low Intervention Organic White Nº2,Vino Blanco Sin Alcohol,6.86
Schloss Raggendorf Grüner Veltliner,Vino Blanco Sin Alcohol,6.86
Schloss Raggendorf Chardonnay,Vino Blanco Sin Alcohol,6.86
König & Krieger Rosé,Vino Rosado Sin Alcohol,6.86
König & Krieger Cabernet Sauvignon,Vino Tinto Sin Alcohol,6.86
König & Krieger Riesling,Vino Blanco Sin Alcohol,6.86
König & Krieger Sauvignon Blanc,Vino Blanco Sin Alcohol,6.86
Pierre Zéro Signature Blanco,Vino Sin Alcohol Bio,6.86
Oddbird Low Intervention Organic White Nº1,Vino Blanco sin Alcohol,6.86
Alternativa 0.0 Rosado,Vino Sin Alcohol,6.86
Kolonne Null Riesling,Vino Blanco Sin Alcohol,6.86
Pierre Zéro Signature Tinto,Vino Sin Alcohol Bio,6.86
"Aldea 0,0 Blanco",Vino Sin Alcohol Blanco,6.86
"Aldea 0,0 Rosado",Vino Sin Alcohol,6.86
Pierre Zéro Rosado,Vino Sin Alcohol,6.86
Win Verdejo,Vino Sin Alcohol Blanco,6.86
Pierre Zéro Chardonnay,Vino Sin Alcohol Blanco,6.86
Pierre Zéro Prestige Chardonnay,Vino Sin Alcohol Blanco,6.86
Natureo Blanco,Vino Sin Alcohol Blanco,6.86
Pierre Zéro Prestige Merlot,Vino Sin Alcohol Tinto,6.86
Win Tempranillo 12 Meses,Vino Sin Alcohol Tinto,6.86
Win Tempranillo,Vino Sin Alcohol Tinto,6.86
"Aldea 0,0 Tinto",Vino Sin Alcohol Tinto,6.86
Natureo Tinto,Vino Sin Alcohol Tinto,6.86
Natureo Rosado,Vino Sin Alcohol Rosado,6.86
Somée Cabernet Sauvignon,Vino Tinto Sin Alcohol,6.86
Alternativa 0.0 Blanco,Vino Blanco Sin Alcohol,6.86
"Disfrutand0,0",Vino Blanco Sin Alcohol,6.86
Oddbird GSM,Vino Tinto Sin Alcohol,6.86
König & Krieger Chardonnay,Vino Blanco Sin Alcohol,6.86
Oddbird Domaine de la Prade,Vino Tinto Sin Alcohol,6.86
Cero Chardonnay,Vino Blanco Sin Alcohol,6.86
Somée Sauvignon Blanc,Vino Blanco Sin Alcohol,6.86
Somée Chardonnay,Vino Blanco Sin Alcohol,6.86
Somée Riesling,Vino Blanco Sin Alcohol,6.86
Kolonne Null Verdejo,Vino Blanco Sin Alcohol,6.86
Sinzero Chardonnay,Vino Sin Alcohol Blanco,6.86
Cero Rosé,Vino Rosado Sin Alcohol,6.86
Cero Zinfandel,Vino Tinto Sin Alcohol,6.86
Kolonne Null Cuvée Rouge,Vino Tinto Sin Alcohol,6.86
Sinzero Tinto,Vino Sin Alcohol Tinto,6.86
Somée Merlot Rosé,Vino Sin Alcohol Rosado,6.86
Kolonne Null Rosé,Vino Rosado Sin Alcohol,6.86
Lussory Rosado,Vino Sin Alcohol Rosado,6.86
Pierre Zéro Merlot,Vino Sin Alcohol Tinto,6.86
Élivo Zero Zero Tinto,Vino Sin Alcohol Tinto,6.86
Lussory Organic Chardonnay,Vino Sin Alcohol Blanco,6.86
Lussory Organic Merlot,Vino Sin Alcohol Tinto,6.86
Lussory Chardonnay,Vino Sin Alcohol Blanco,6.86
Lussory Airén,Vino Sin Alcohol Blanco,6.86
Lussory Merlot,Vino Sin Alcohol Tinto,6.86
Lussory Tempranillo,Vino Sin Alcohol Tinto,6.86
Alternativa 0.0 Tinto,Vino Sin Alcohol Tinto,6.86
Élivo Zero Zero Blanco,Vino Sin Alcohol Blanco,6.86
